掃除物品,掃除機パック,3
掃除物品,洗濯槽クリーナー,3
掃除物品,高圧洗浄機,3
掃除物品,激落ちくん,3
掃除物品,乾拭きモップ,3
掃除物品,バスマジックリン,3
掃除物品,パイプユニッシュ,3
掃除物品,ハイター,3
掃除物品,ネズミ捕り,3
掃除物品,トイレマジックリン,3
掃除物品,トイレたわし,3
掃除物品,トイレクイックル,3
掃除物品,サンポール,3
掃除物品,コロコロ・替え芯,3
掃除物品,クレンザー,3
掃除物品,カビキラー,3
支給物品,電球,3
支給物品,消火器,3
支給物品,三面フードフィルター,3
支給物品,雑巾,3
支給物品,蛍光灯,3
支給物品,軍手,3
支給物品,金たわし,3
支給物品,亀の子たわし,3
支給物品,レンジフードフィルター,3
支給物品,ハンドソープ,3
支給物品,スポンジ,3
支給物品,ゴム手袋,3
工具類(大),万力,3
工具類(大),斧,3
工具類(大),電動やすり,3
工具類(大),電動ドリル,3
工具類(大),電ノコ,3
工具類(大),直角定規,3
工具類(大),自転車工具セット,3
工具類(大),自転車パンク修理セット,3
工具類(大),丸ノコガイド定規,3
工具類(大),丸ノコ,3
工具類(大),レンチ系,3
工具類(大),レシプロソー,3
工具類(大),メジャー,3
工具類(大),はんだセット,3
工具類(大),パイプレンチ,3
工具類(大),ナタ,3
工具類(大),とらロープ,3
工具類(大),ドラムコード,3
工具類(大),デストロイヤー,3
工具類(大),ソケットレンチセット,3
工具類(大),グラインダー,3
工具類(大),かんな,3
工具類(大),インパクト,3
工具類(小),電光ペンチ,3
工具類(小),炭シャベル,3
工具類(小),焼き印,3
工具類(小),枝切りハサミ,3
工具類(小),枝切り,3
工具類(小),金属トンカチ,3
工具類(小),モンキーレンチ,3
工具類(小),ボルト・ナット,3
工具類(小),ペンチ,3
工具類(小),のこヤスリ,3
工具類(小),ノコギリ,3
工具類(小),ねじ,3
工具類(小),ニッパー,3
工具類(小),ゴムトンカチ,3
工具類(小),グルーガン,3
工具類(小),くまで,3
工具類(小),くぎぬき,3
工具類(小),カマ,3
工具類(小),カナヅチ,3
その他,両面テープ,3
その他,養生テープ,3
その他,透明テープ,3
その他,水のり,3
その他,車研磨剤,3
その他,紙やすり,3
その他,裁縫セット,3
その他,延長コード,3
その他,ラミネーター,3
その他,モーリス,3
その他,マスキングテープ,3
その他,へら,3
その他,ブースターケーブル,3
その他,ハンドシェル,3
その他,テプラ,3
その他,セロハンテープ,3
その他,スプレー類,3
その他,カラーテープ,3
その他,ガムテープ,3
その他,オートセット,3
